{
    "show": true,
    "active": false,
    "child_frame": "camera",
    "parent_frame": "base",
    "transform": {
        "translation": {
            "x": -0.14204314784447486,
            "y": 0.16900824442813578,
            "z": -0.07909453592238114
        },
        "rotation": {
            "x": -0.6345228203205369,
            "y": 0.23367095624993356,
            "z": -0.25304389829125384,
            "w": 0.691915789843879
        }
    },
    "preferred_joint_configuration": {
        "j0": -1.8292434851275843,
        "j1": -0.21149154127154546,
        "j2": 1.1881235281573694,
        "j3": -1.0714845222285767,
        "j4": -1.1275351683246058,
        "j5": 3.180128335952759
    }
}