{
    "show": true,
    "active": false,
    "child_frame": "camera",
    "parent_frame": "base",
    "transform": {
        "translation": {
            "x": -0.3757284833211992,
            "y": 0.02199853117764855,
            "z": 0.3070269758257993
        },
        "rotation": {
            "x": -0.009149455256987163,
            "y": 0.052460363967690125,
            "z": -0.7856722681468096,
            "w": 0.616346724454609
        }
    },
    "preferred_joint_configuration": {
        "j0": -0.562469784413473,
        "j1": -1.1400965017131348,
        "j2": 0.2631014029132288,
        "j3": -0.798823432331421,
        "j4": -1.5888374487506312,
        "j5": -6.606222279855999
    }
}