{
    "show": true,
    "active": false,
    "child_frame": "camera",
    "parent_frame": "base",
    "transform": {
        "translation": {
            "x": -0.14854285825939612,
            "y": -0.20612183654010113,
            "z": 0.23175704529178565
        },
        "rotation": {
            "x": 0.40407672552401125,
            "y": 0.027957665014610836,
            "z": -0.005707291272198989,
            "w": 0.9142799328887504
        }
    },
    "preferred_joint_configuration": {
        "j0": 0.7881466150283813,
        "j1": -0.8855446738055726,
        "j2": 0.37345916429628545,
        "j3": -0.4273020786098023,
        "j4": -2.1582348982440394,
        "j5": -13.139585447295595
    }
}