{
    "show": true,
    "active": false,
    "child_frame": "fixed_aruco_3",
    "parent_frame": "base",
    "transform": {
        "translation": {
            "x": 0.3895937848789185,
            "y": -0.1668328434209233,
            "z": -0.2020012519033485
        },
        "rotation": {
            "x": -0.026529249286232983,
            "y": 0.010797993319609313,
            "z": 0.0725290586055378,
            "w": 0.9969549327479016
        }
    },
    "preferred_joint_configuration": {
        "j0": -0.10237533250917608,
        "j1": -2.1038671932616175,
        "j2": -1.1075133085250854,
        "j3": -1.4841372457197686,
        "j4": 1.5496338605880737,
        "j5": 1.4170249700546265
    }
}