{
    "show": true,
    "active": false,
    "child_frame": "init_pose",
    "parent_frame": "base",
    "transform": {
        "translation": {
            "x": -0.22122010794957767,
            "y": -0.39662826380523153,
            "z": 0.21321325388287904
        },
        "rotation": {
            "x": 0.009370651625820162,
            "y": 0.012508094198564206,
            "z": -0.39115685216325985,
            "w": 0.9201913146043909
        }
    }
}