{
    "show": true,
    "active": false,
    "child_frame": "init_pose",
    "parent_frame": "base",
    "transform": {
        "translation": {
            "x": -0.23057962014947275,
            "y": 0.3216179525870343,
            "z": 0.14720988858731943
        },
        "rotation": {
            "x": 0.007314067252917859,
            "y": 0.015588901841527475,
            "z": 0.2610031440274135,
            "w": 0.9651843602998342
        }
    }
}