{
    "show": true,
    "active": false,
    "child_frame": "init_pose",
    "parent_frame": "base",
    "transform": {
        "translation": {
            "x": -0.23057962014947275,
            "y": 0.3216179525870343,
            "z": 0.14720988858731943
        },
        "rotation": {
            "x": 0.007314067252917859,
            "y": 0.015588901841527475,
            "z": 0.2610031440274135,
            "w": 0.9651843602998342
        }
    },
    "preferred_joint_configuration": {
        "j0": -1.152884308491842,
        "j1": -1.24465964854274,
        "j2": 1.2361729780780237,
        "j3": -1.5815478763976039,
        "j4": -1.5422280470477503,
        "j5": 3.0315768718719482
    }
}