{
    "show": true,
    "active": false,
    "child_frame": "locked_aruco_manual",
    "parent_frame": "base",
    "transform": {
        "translation": {
            "x": -0.38378960419197905,
            "y": -0.25419089245743787,
            "z": -0.30249375932522826
        },
        "rotation": {
            "x": -0.007867690769724782,
            "y": -0.11123111748841936,
            "z": 0.7037068446872577,
            "w": 0.7016854100553417
        }
    },
    "preferred_joint_configuration": {
        "j0": 0.42321234941482544,
        "j1": -0.8269706529429932,
        "j2": 0.37773162523378545,
        "j3": -1.0289191764644166,
        "j4": -1.5919764677630823,
        "j5": 3.6354174613952637
    }
}