{
    "show": true,
    "active": false,
    "child_frame": "above_table",
    "parent_frame": "base",
    "transform": {
        "translation": {
            "x": 0.4772646647981997,
            "y": -0.007653695495675822,
            "z": -0.03758231778596821
        },
        "rotation": {
            "x": -0.0264341310842578,
            "y": -0.041605660636562056,
            "z": 0.7142467931045474,
            "w": 0.698155945514099
        }
    },
    "preferred_joint_configuration": {
        "j0": 0.1335649937391281,
        "j1": -3.6522966823973597,
        "j2": 1.3338354269610804,
        "j3": -2.2957645855345667,
        "j4": 1.58035409450531,
        "j5": 0.11125040054321289
    }
}