{
    "show": true,
    "active": false,
    "child_frame": "above_table",
    "parent_frame": "base",
    "transform": {
        "translation": {
            "x": 0.011601852768335752,
            "y": 0.3782524708939107,
            "z": 0.3494293168161111
        },
        "rotation": {
            "x": -0.006450668593503074,
            "y": -0.12955527124096403,
            "z": 0.988570497230675,
            "w": 0.07682572859057663
        }
    },
    "preferred_joint_configuration": {
        "j0": 1.804673671722412,
        "j1": -1.9336115322508753,
        "j2": -0.21768566966056824,
        "j3": -2.317033430139059,
        "j4": 1.4797664880752563,
        "j5": -5.905363176261083
    }
}