{
    "show": true,
    "active": false,
    "child_frame": "camera",
    "parent_frame": "base",
    "transform": {
        "translation": {
            "x": -0.13631283519668022,
            "y": 0.16400453765125175,
            "z": 0.26952627694136355
        },
        "rotation": {
            "x": -0.5026201067235508,
            "y": -0.5029762890460562,
            "z": 0.520702008714585,
            "w": 0.4725011101524107
        }
    },
    "preferred_joint_configuration": {
        "j0": 3.242979049682617,
        "j1": -2.1679521999754847,
        "j2": -0.9649243354797363,
        "j3": -3.161548753777975,
        "j4": 1.6233325004577637,
        "j5": 6.234456539154053
    }
}