{
    "show": true,
    "active": false,
    "child_frame": "camera",
    "parent_frame": "base",
    "transform": {
        "translation": {
            "x": 0.008684370102956807,
            "y": 0.3908020651539292,
            "z": 0.3600855124462512
        },
        "rotation": {
            "x": 0.003066669943221412,
            "y": -0.15941198448233684,
            "z": 0.9841203420315559,
            "w": 0.07801004511315264
        }
    },
    "preferred_joint_configuration": {
        "j0": 1.804642677307129,
        "j1": -1.933694978753561,
        "j2": -0.2175760716199875,
        "j3": -2.2537180385985316,
        "j4": 1.479530930519104,
        "j5": -5.905280743037359
    }
}