{
    "show": true,
    "active": false,
    "child_frame": "fixed_aruco_3",
    "parent_frame": "base",
    "transform": {
        "translation": {
            "x": 0.43469024334747375,
            "y": -0.11493312378915452,
            "z": -0.26199626406532706
        },
        "rotation": {
            "x": 0.023701364600657155,
            "y": 0.012570598996733446,
            "z": 0.7125873566534907,
            "w": 0.7010702421972572
        }
    },
    "preferred_joint_configuration": {
        "j0": 0.08493570983409882,
        "j1": -2.3783165417113246,
        "j2": -1.4275469779968262,
        "j3": -1.0709460538676758,
        "j4": 1.4585940837860107,
        "j5": -2.981173817311422
    }
}