{
    "show": true,
    "active": false,
    "child_frame": "fixed_aruco_3",
    "parent_frame": "base",
    "transform": {
        "translation": {
            "x": 0.5002764243335279,
            "y": -0.169073619276124,
            "z": -0.2043539544517987
        },
        "rotation": {
            "x": -0.006965784830158652,
            "y": 0.003422444279314598,
            "z": 0.03449098877134753,
            "w": 0.999374872813215
        }
    },
    "preferred_joint_configuration": {
        "j0": -0.06753522554506475,
        "j1": -2.203755041162008,
        "j2": -1.1218738555908203,
        "j3": -1.282908247118332,
        "j4": 1.4769816398620605,
        "j5": 0.28592148423194885
    }
}