{
    "show": true,
    "active": false,
    "child_frame": "fixed_aruco_3",
    "parent_frame": "base",
    "transform": {
        "translation": {
            "x": 0.4532329792366353,
            "y": -0.02694203254970584,
            "z": -0.2623478023795317
        },
        "rotation": {
            "x": -0.005584461654875869,
            "y": 0.0013493624988901358,
            "z": 0.6835972662554298,
            "w": 0.7298368109221232
        }
    },
    "preferred_joint_configuration": {
        "j0": 0.13357257843017578,
        "j1": -3.6522590122618617,
        "j2": 1.333832089100973,
        "j3": -2.2957846126952113,
        "j4": 1.580346941947937,
        "j5": 0.11122950911521912
    }
}