{
    "show": true,
    "active": false,
    "child_frame": "pose_2",
    "parent_frame": "base",
    "transform": {
        "translation": {
            "x": -0.4814194380093182,
            "y": 0.15345161668220533,
            "z": -0.21971601566849253
        },
        "rotation": {
            "x": -0.015780688366888444,
            "y": -0.010791060550519668,
            "z": 0.6750337198833837,
            "w": 0.7375391514402904
        }
    },
    "preferred_joint_configuration": {
        "j0": 3.209552526473999,
        "j1": -3.134127756158346,
        "j2": -0.7407547831535339,
        "j3": -0.8740621966174622,
        "j4": 1.5820132493972778,
        "j5": 6.439381141458647
    }
}