{
    "show": true,
    "active": false,
    "child_frame": "pose_1",
    "parent_frame": "base",
    "transform": {
        "translation": {
            "x": -0.3641093807867535,
            "y": 0.14570072251699953,
            "z": -0.22533462554122574
        },
        "rotation": {
            "x": 0.017026714933977827,
            "y": 0.01942252783813402,
            "z": 0.7196128009903262,
            "w": 0.6938950014532395
        }
    },
    "preferred_joint_configuration": {
        "j0": 3.2646522521972656,
        "j1": -2.8997112713255824,
        "j2": -1.7419953346252441,
        "j3": -0.019058064823486376,
        "j4": 1.5687708854675293,
        "j5": 6.369808007274763
    }
}