{
    "show": true,
    "active": false,
    "child_frame": "above_table",
    "parent_frame": "base",
    "transform": {
        "translation": {
            "x": -0.3874031119617498,
            "y": -0.118885208394863,
            "z": 0.09175058786867962
        },
        "rotation": {
            "x": 0.02435867336536576,
            "y": 0.04084972671869004,
            "z": 0.8843025238400212,
            "w": 0.4644857384129856
        }
    },
    "preferred_joint_configuration": {
        "j0": 3.936417818069458,
        "j1": -1.8306457004942835,
        "j2": -1.6817114353179932,
        "j3": -1.1077078443816681,
        "j4": 1.5477137565612793,
        "j5": 6.473444078360693
    }
}