{
    "show": true,
    "active": false,
    "child_frame": "fixed_aruco_3",
    "parent_frame": "base",
    "transform": {
        "translation": {
            "x": 0.5376453456105283,
            "y": 0.04618152521219335,
            "z": -0.25734716274898284
        },
        "rotation": {
            "x": -0.008623141281325622,
            "y": -0.011364517858757823,
            "z": -0.6448732294452326,
            "w": 0.7641564022588285
        }
    },
    "preferred_joint_configuration": {
        "j0": 0.41610339283943176,
        "j1": -1.7917195759215296,
        "j2": -1.0980782508850098,
        "j3": -1.734854360620016,
        "j4": 1.5452600717544556,
        "j5": -2.528670136128561
    }
}