{
    "show": true,
    "active": false,
    "child_frame": "fixed_aruco_3",
    "parent_frame": "base",
    "transform": {
        "translation": {
            "x": 0.4160225780010748,
            "y": -0.087755102990274,
            "z": -0.2598145758891752
        },
        "rotation": {
            "x": 0.003596433627297939,
            "y": -0.00785139784395942,
            "z": -0.029794606865000142,
            "w": 0.9995187355016515
        }
    },
    "preferred_joint_configuration": {
        "j0": 0.132706880569458,
        "j1": -3.655598302880758,
        "j2": 1.987495247517721,
        "j3": -2.8455783329405726,
        "j4": 1.5868149995803833,
        "j5": 0.10505300015211105
    }
}