{
    "show": true,
    "active": false,
    "child_frame": "camera",
    "parent_frame": "base",
    "transform": {
        "translation": {
            "x": -0.3901529892055932,
            "y": -0.23947943091540086,
            "z": 0.05739928446204812
        },
        "rotation": {
            "x": -0.011129665530026436,
            "y": -0.05240789262751342,
            "z": 0.7612733131257824,
            "w": 0.6462139630633396
        }
    },
    "preferred_joint_configuration": {
        "j0": 0.40082985162734985,
        "j1": -0.658291832809784,
        "j2": 0.665323559437887,
        "j3": -1.4741154474071045,
        "j4": -1.5979841391192835,
        "j5": 3.3807003498077393
    }
}