{
    "show": true,
    "active": false,
    "child_frame": "camera",
    "parent_frame": "base",
    "transform": {
        "translation": {
            "x": -0.08090169746276017,
            "y": -0.2886015278892612,
            "z": 0.004555871244539267
        },
        "rotation": {
            "x": 0.5180797966336533,
            "y": 0.06597109739620784,
            "z": 0.20683312225832642,
            "w": 0.8273217017371445
        }
    },
    "preferred_joint_configuration": {
        "j0": 1.2014809846878052,
        "j1": -0.24156303823504643,
        "j2": 0.3995288054095667,
        "j3": -0.7629786890796204,
        "j4": -2.2157567183123987,
        "j5": -13.078689050658632
    }
}