{
    "show": true,
    "active": false,
    "child_frame": "r3_init_pose",
    "parent_frame": "r3_base",
    "transform": {
        "translation": {
            "x": -0.39390453451645924,
            "y": -0.042967965164734584,
            "z": 0.32777727530082656
        },
        "rotation": {
            "x": 0.1479796526029592,
            "y": 0.23061971793756736,
            "z": 0.650469047460404,
            "w": 0.7083830788562492
        }
    }
}